cluster_size,tet_per_block,nelements,clock,Throughput
1 , 4 , 24942592 , 1.967481e-01, 1.267742e+08 
1 , 4 , 24942592 , 1.952196e-01, 1.277669e+08 
1 , 4 , 24942592 , 1.950449e-01, 1.278813e+08 
1 , 4 , 24942592 , 1.948999e-01, 1.279764e+08 
1 , 4 , 24942592 , 1.947790e-01, 1.280559e+08 
1 , 4 , 24942592 , 1.948977e-01, 1.279779e+08 
1 , 4 , 24942592 , 1.948084e-01, 1.280365e+08 
1 , 4 , 24942592 , 1.948499e-01, 1.280093e+08 
1 , 4 , 24942592 , 1.947373e-01, 1.280833e+08 
1 , 4 , 24942592 , 1.948475e-01, 1.280108e+08 
1 , 6 , 24942592 , 2.155064e-01, 1.157395e+08 
1 , 6 , 24942592 , 2.137800e-01, 1.166741e+08 
1 , 6 , 24942592 , 2.133323e-01, 1.169190e+08 
1 , 6 , 24942592 , 2.134424e-01, 1.168586e+08 
1 , 6 , 24942592 , 2.135601e-01, 1.167942e+08 
1 , 6 , 24942592 , 2.134208e-01, 1.168705e+08 
1 , 6 , 24942592 , 2.137483e-01, 1.166914e+08 
1 , 6 , 24942592 , 2.135330e-01, 1.168091e+08 
1 , 6 , 24942592 , 2.136391e-01, 1.167511e+08 
1 , 6 , 24942592 , 2.133426e-01, 1.169133e+08 
1 , 8 , 24942592 , 2.732514e-01, 9.128075e+07 
1 , 8 , 24942592 , 2.712140e-01, 9.196648e+07 
1 , 8 , 24942592 , 2.709626e-01, 9.205179e+07 
1 , 8 , 24942592 , 2.711001e-01, 9.200509e+07 
1 , 8 , 24942592 , 2.708984e-01, 9.207360e+07 
1 , 8 , 24942592 , 2.708574e-01, 9.208753e+07 
1 , 8 , 24942592 , 2.710365e-01, 9.202669e+07 
1 , 8 , 24942592 , 2.708996e-01, 9.207321e+07 
1 , 8 , 24942592 , 2.710049e-01, 9.203743e+07 
1 , 8 , 24942592 , 2.708565e-01, 9.208786e+07 
1 , 12 , 24942592 , 2.327698e-01, 1.071556e+08 
1 , 12 , 24942592 , 2.305729e-01, 1.081766e+08 
1 , 12 , 24942592 , 2.304089e-01, 1.082536e+08 
1 , 12 , 24942592 , 2.300680e-01, 1.084140e+08 
1 , 12 , 24942592 , 2.303573e-01, 1.082778e+08 
1 , 12 , 24942592 , 2.304463e-01, 1.082360e+08 
1 , 12 , 24942592 , 2.303225e-01, 1.082942e+08 
1 , 12 , 24942592 , 2.302886e-01, 1.083101e+08 
1 , 12 , 24942592 , 2.304910e-01, 1.082151e+08 
1 , 12 , 24942592 , 2.304968e-01, 1.082123e+08 

4 , 4 , 24942592 , 1.864684e-01, 1.337631e+08 
4 , 4 , 24942592 , 1.851163e-01, 1.347401e+08 
4 , 4 , 24942592 , 1.847659e-01, 1.349957e+08 
4 , 4 , 24942592 , 1.850800e-01, 1.347665e+08 
4 , 4 , 24942592 , 1.851466e-01, 1.347181e+08 
4 , 4 , 24942592 , 1.849047e-01, 1.348943e+08 
4 , 4 , 24942592 , 1.849390e-01, 1.348693e+08 
4 , 4 , 24942592 , 1.846391e-01, 1.350884e+08 
4 , 4 , 24942592 , 1.851408e-01, 1.347223e+08 
4 , 4 , 24942592 , 1.850208e-01, 1.348097e+08 
4 , 6 , 24942592 , 2.037648e-01, 1.224087e+08 
4 , 6 , 24942592 , 2.022806e-01, 1.233069e+08 
4 , 6 , 24942592 , 2.022516e-01, 1.233246e+08 
4 , 6 , 24942592 , 2.023936e-01, 1.232380e+08 
4 , 6 , 24942592 , 2.022908e-01, 1.233006e+08 
4 , 6 , 24942592 , 2.021957e-01, 1.233587e+08 
4 , 6 , 24942592 , 2.021356e-01, 1.233954e+08 
4 , 6 , 24942592 , 2.022915e-01, 1.233003e+08 
4 , 6 , 24942592 , 2.024219e-01, 1.232208e+08 
4 , 6 , 24942592 , 2.022757e-01, 1.233099e+08 
4 , 8 , 24942592 , 2.610842e-01, 9.553467e+07 
4 , 8 , 24942592 , 2.595813e-01, 9.608780e+07 
4 , 8 , 24942592 , 2.594681e-01, 9.612969e+07 
4 , 8 , 24942592 , 2.595017e-01, 9.611727e+07 
4 , 8 , 24942592 , 2.594889e-01, 9.612199e+07 
4 , 8 , 24942592 , 2.595421e-01, 9.610228e+07 
4 , 8 , 24942592 , 2.595064e-01, 9.611551e+07 
4 , 8 , 24942592 , 2.594664e-01, 9.613032e+07 
4 , 8 , 24942592 , 2.595105e-01, 9.611400e+07 
4 , 8 , 24942592 , 2.594876e-01, 9.612248e+07 
4 , 12 , 24942592 , 2.229208e-01, 1.118899e+08 
4 , 12 , 24942592 , 2.216409e-01, 1.125360e+08 
4 , 12 , 24942592 , 2.213311e-01, 1.126936e+08 
4 , 12 , 24942592 , 2.215294e-01, 1.125927e+08 
4 , 12 , 24942592 , 2.213677e-01, 1.126749e+08 
4 , 12 , 24942592 , 2.216393e-01, 1.125369e+08 
4 , 12 , 24942592 , 2.214684e-01, 1.126237e+08 
4 , 12 , 24942592 , 2.212652e-01, 1.127271e+08 
4 , 12 , 24942592 , 2.214206e-01, 1.126480e+08 
4 , 12 , 24942592 , 2.214822e-01, 1.126167e+08 

8 , 4 , 24942592 , 1.874600e-01, 1.330555e+08 
8 , 4 , 24942592 , 1.864627e-01, 1.337672e+08 
8 , 4 , 24942592 , 1.867676e-01, 1.335488e+08 
8 , 4 , 24942592 , 1.863913e-01, 1.338185e+08 
8 , 4 , 24942592 , 1.862460e-01, 1.339228e+08 
8 , 4 , 24942592 , 1.860370e-01, 1.340733e+08 
8 , 4 , 24942592 , 1.862749e-01, 1.339020e+08 
8 , 4 , 24942592 , 1.860483e-01, 1.340651e+08 
8 , 4 , 24942592 , 1.860991e-01, 1.340285e+08 
8 , 4 , 24942592 , 1.863386e-01, 1.338563e+08 
8 , 6 , 24942592 , 2.051954e-01, 1.215553e+08 
8 , 6 , 24942592 , 2.027362e-01, 1.230298e+08 
8 , 6 , 24942592 , 2.035317e-01, 1.225489e+08 
8 , 6 , 24942592 , 2.032119e-01, 1.227418e+08 
8 , 6 , 24942592 , 2.037302e-01, 1.224295e+08 
8 , 6 , 24942592 , 2.043649e-01, 1.220493e+08 
8 , 6 , 24942592 , 2.037503e-01, 1.224174e+08 
8 , 6 , 24942592 , 2.037937e-01, 1.223914e+08 
8 , 6 , 24942592 , 2.031317e-01, 1.227902e+08 
8 , 6 , 24942592 , 2.034621e-01, 1.225909e+08 
8 , 8 , 24942592 , 2.641558e-01, 9.442378e+07 
8 , 8 , 24942592 , 2.625114e-01, 9.501528e+07 
8 , 8 , 24942592 , 2.624695e-01, 9.503045e+07 
8 , 8 , 24942592 , 2.624992e-01, 9.501969e+07 
8 , 8 , 24942592 , 2.624039e-01, 9.505421e+07 
8 , 8 , 24942592 , 2.624897e-01, 9.502314e+07 
8 , 8 , 24942592 , 2.624420e-01, 9.504039e+07 
8 , 8 , 24942592 , 2.624980e-01, 9.502011e+07 
8 , 8 , 24942592 , 2.624200e-01, 9.504837e+07 
8 , 8 , 24942592 , 2.624867e-01, 9.502421e+07 
8 , 12 , 24942592 , 2.271891e-01, 1.097878e+08 
8 , 12 , 24942592 , 2.258418e-01, 1.104428e+08 
8 , 12 , 24942592 , 2.255643e-01, 1.105786e+08 
8 , 12 , 24942592 , 2.254550e-01, 1.106323e+08 
8 , 12 , 24942592 , 2.254757e-01, 1.106221e+08 
8 , 12 , 24942592 , 2.255904e-01, 1.105658e+08 
8 , 12 , 24942592 , 2.255782e-01, 1.105718e+08 
8 , 12 , 24942592 , 2.256342e-01, 1.105444e+08 
8 , 12 , 24942592 , 2.255526e-01, 1.105844e+08 
8 , 12 , 24942592 , 2.254962e-01, 1.106120e+08 

12 , 4 , 24942592 , 1.895104e-01, 1.316160e+08 
12 , 4 , 24942592 , 1.889179e-01, 1.320287e+08 
12 , 4 , 24942592 , 1.886683e-01, 1.322034e+08 
12 , 4 , 24942592 , 1.890116e-01, 1.319633e+08 
12 , 4 , 24942592 , 1.884688e-01, 1.323433e+08 
12 , 4 , 24942592 , 1.885416e-01, 1.322922e+08 
12 , 4 , 24942592 , 1.893402e-01, 1.317342e+08 
12 , 4 , 24942592 , 1.891087e-01, 1.318955e+08 
12 , 4 , 24942592 , 1.884790e-01, 1.323362e+08 
12 , 4 , 24942592 , 1.885638e-01, 1.322767e+08 
12 , 6 , 24942592 , 2.080801e-01, 1.198701e+08 
12 , 6 , 24942592 , 2.073906e-01, 1.202687e+08 
12 , 6 , 24942592 , 2.070999e-01, 1.204375e+08 
12 , 6 , 24942592 , 2.056268e-01, 1.213003e+08 
12 , 6 , 24942592 , 2.053667e-01, 1.214540e+08 
12 , 6 , 24942592 , 2.048993e-01, 1.217310e+08 
12 , 6 , 24942592 , 2.062594e-01, 1.209283e+08 
12 , 6 , 24942592 , 2.069423e-01, 1.205292e+08 
12 , 6 , 24942592 , 2.058154e-01, 1.211891e+08 
12 , 6 , 24942592 , 2.060525e-01, 1.210497e+08 
12 , 8 , 24942592 , 2.677062e-01, 9.317150e+07 
12 , 8 , 24942592 , 2.663510e-01, 9.364556e+07 
12 , 8 , 24942592 , 2.664372e-01, 9.361527e+07 
12 , 8 , 24942592 , 2.664166e-01, 9.362251e+07 
12 , 8 , 24942592 , 2.662709e-01, 9.367373e+07 
12 , 8 , 24942592 , 2.662811e-01, 9.367017e+07 
12 , 8 , 24942592 , 2.662854e-01, 9.366864e+07 
12 , 8 , 24942592 , 2.662845e-01, 9.366896e+07 
12 , 8 , 24942592 , 2.663941e-01, 9.363043e+07 
12 , 8 , 24942592 , 2.664979e-01, 9.359397e+07 
12 , 12 , 24942592 , 2.292499e-01, 1.088009e+08 
12 , 12 , 24942592 , 2.277338e-01, 1.095252e+08 
12 , 12 , 24942592 , 2.279811e-01, 1.094064e+08 
12 , 12 , 24942592 , 2.277609e-01, 1.095122e+08 
12 , 12 , 24942592 , 2.278110e-01, 1.094881e+08 
12 , 12 , 24942592 , 2.277196e-01, 1.095321e+08 
12 , 12 , 24942592 , 2.281684e-01, 1.093166e+08 
12 , 12 , 24942592 , 2.280093e-01, 1.093929e+08 
12 , 12 , 24942592 , 2.278182e-01, 1.094846e+08 
12 , 12 , 24942592 , 2.278308e-01, 1.094786e+08 

16 , 4 , 24942592 , 1.939033e-01, 1.286342e+08 
16 , 4 , 24942592 , 1.926705e-01, 1.294572e+08 
16 , 4 , 24942592 , 1.931865e-01, 1.291114e+08 
16 , 4 , 24942592 , 1.927009e-01, 1.294368e+08 
16 , 4 , 24942592 , 1.928649e-01, 1.293267e+08 
16 , 4 , 24942592 , 1.921916e-01, 1.297799e+08 
16 , 4 , 24942592 , 1.924317e-01, 1.296179e+08 
16 , 4 , 24942592 , 1.925007e-01, 1.295714e+08 
16 , 4 , 24942592 , 1.928023e-01, 1.293687e+08 
16 , 4 , 24942592 , 1.930609e-01, 1.291955e+08 
16 , 6 , 24942592 , 2.096523e-01, 1.189712e+08 
16 , 6 , 24942592 , 2.078253e-01, 1.200171e+08 
16 , 6 , 24942592 , 2.079057e-01, 1.199707e+08 
16 , 6 , 24942592 , 2.083565e-01, 1.197111e+08 
16 , 6 , 24942592 , 2.065837e-01, 1.207384e+08 
16 , 6 , 24942592 , 2.078331e-01, 1.200126e+08 
16 , 6 , 24942592 , 2.066776e-01, 1.206836e+08 
16 , 6 , 24942592 , 2.071488e-01, 1.204091e+08 
16 , 6 , 24942592 , 2.059491e-01, 1.211105e+08 
16 , 6 , 24942592 , 2.087106e-01, 1.195080e+08 
16 , 8 , 24942592 , 2.676941e-01, 9.317572e+07 
16 , 8 , 24942592 , 2.662967e-01, 9.366466e+07 
16 , 8 , 24942592 , 2.662124e-01, 9.369433e+07 
16 , 8 , 24942592 , 2.662623e-01, 9.367677e+07 
16 , 8 , 24942592 , 2.662850e-01, 9.366879e+07 
16 , 8 , 24942592 , 2.663083e-01, 9.366058e+07 
16 , 8 , 24942592 , 2.663094e-01, 9.366022e+07 
16 , 8 , 24942592 , 2.662521e-01, 9.368035e+07 
16 , 8 , 24942592 , 2.662754e-01, 9.367217e+07 
16 , 8 , 24942592 , 2.663577e-01, 9.364321e+07 
16 , 12 , 24942592 , 2.324432e-01, 1.073062e+08 
16 , 12 , 24942592 , 2.311342e-01, 1.079139e+08 
16 , 12 , 24942592 , 2.305669e-01, 1.081794e+08 
16 , 12 , 24942592 , 2.308837e-01, 1.080310e+08 
16 , 12 , 24942592 , 2.309505e-01, 1.079997e+08 
16 , 12 , 24942592 , 2.310228e-01, 1.079660e+08 
16 , 12 , 24942592 , 2.312533e-01, 1.078583e+08 
16 , 12 , 24942592 , 2.312364e-01, 1.078662e+08 
16 , 12 , 24942592 , 2.308100e-01, 1.080655e+08 
16 , 12 , 24942592 , 2.310141e-01, 1.079700e+08 

24 , 4 , 24942592 , 1.993134e-01, 1.251426e+08 
24 , 4 , 24942592 , 1.977543e-01, 1.261292e+08 
24 , 4 , 24942592 , 1.969505e-01, 1.266440e+08 
24 , 4 , 24942592 , 1.977466e-01, 1.261341e+08 
24 , 4 , 24942592 , 1.981793e-01, 1.258587e+08 
24 , 4 , 24942592 , 1.968158e-01, 1.267307e+08 
24 , 4 , 24942592 , 1.974724e-01, 1.263093e+08 
24 , 4 , 24942592 , 1.975189e-01, 1.262795e+08 
24 , 4 , 24942592 , 1.984122e-01, 1.257110e+08 
24 , 4 , 24942592 , 1.973378e-01, 1.263954e+08 
24 , 6 , 24942592 , 2.199090e-01, 1.134224e+08 
24 , 6 , 24942592 , 2.185029e-01, 1.141522e+08 
24 , 6 , 24942592 , 2.170104e-01, 1.149373e+08 
24 , 6 , 24942592 , 2.175998e-01, 1.146260e+08 
24 , 6 , 24942592 , 2.164752e-01, 1.152215e+08 
24 , 6 , 24942592 , 2.164359e-01, 1.152424e+08 
24 , 6 , 24942592 , 2.165201e-01, 1.151976e+08 
24 , 6 , 24942592 , 2.176442e-01, 1.146026e+08 
24 , 6 , 24942592 , 2.163718e-01, 1.152765e+08 
24 , 6 , 24942592 , 2.163291e-01, 1.152993e+08 
24 , 8 , 24942592 , 2.758790e-01, 9.041136e+07 
24 , 8 , 24942592 , 2.743768e-01, 9.090633e+07 
24 , 8 , 24942592 , 2.740561e-01, 9.101272e+07 
24 , 8 , 24942592 , 2.744354e-01, 9.088695e+07 
24 , 8 , 24942592 , 2.743062e-01, 9.092974e+07 
24 , 8 , 24942592 , 2.742482e-01, 9.094897e+07 
24 , 8 , 24942592 , 2.745494e-01, 9.084919e+07 
24 , 8 , 24942592 , 2.743020e-01, 9.093113e+07 
24 , 8 , 24942592 , 2.741723e-01, 9.097414e+07 
24 , 8 , 24942592 , 2.741546e-01, 9.098001e+07 
24 , 12 , 24942592 , 2.429879e-01, 1.026495e+08 
24 , 12 , 24942592 , 2.415701e-01, 1.032520e+08 
24 , 12 , 24942592 , 2.423404e-01, 1.029238e+08 
24 , 12 , 24942592 , 2.419908e-01, 1.030725e+08 
24 , 12 , 24942592 , 2.419566e-01, 1.030870e+08 
24 , 12 , 24942592 , 2.418060e-01, 1.031512e+08 
24 , 12 , 24942592 , 2.420018e-01, 1.030678e+08 
24 , 12 , 24942592 , 2.418239e-01, 1.031436e+08 
24 , 12 , 24942592 , 2.418579e-01, 1.031291e+08 
24 , 12 , 24942592 , 2.417601e-01, 1.031708e+08 

32 , 4 , 24942592 , 2.081999e-01, 1.198012e+08 
32 , 4 , 24942592 , 2.070678e-01, 1.204562e+08 
32 , 4 , 24942592 , 2.059707e-01, 1.210978e+08 
32 , 4 , 24942592 , 2.063449e-01, 1.208782e+08 
32 , 4 , 24942592 , 2.057112e-01, 1.212505e+08 
32 , 4 , 24942592 , 2.080215e-01, 1.199039e+08 
32 , 4 , 24942592 , 2.075776e-01, 1.201603e+08 
32 , 4 , 24942592 , 2.059430e-01, 1.211141e+08 
32 , 4 , 24942592 , 2.074533e-01, 1.202323e+08 
32 , 4 , 24942592 , 2.077412e-01, 1.200657e+08 
32 , 6 , 24942592 , 2.240914e-01, 1.113054e+08 
32 , 6 , 24942592 , 2.237692e-01, 1.114657e+08 
32 , 6 , 24942592 , 2.268727e-01, 1.099409e+08 
32 , 6 , 24942592 , 2.251691e-01, 1.107727e+08 
32 , 6 , 24942592 , 2.244090e-01, 1.111479e+08 
32 , 6 , 24942592 , 2.254537e-01, 1.106329e+08 
32 , 6 , 24942592 , 2.274097e-01, 1.096813e+08 
32 , 6 , 24942592 , 2.230230e-01, 1.118386e+08 
32 , 6 , 24942592 , 2.236389e-01, 1.115307e+08 
32 , 6 , 24942592 , 2.255455e-01, 1.105878e+08 
32 , 8 , 24942592 , 2.814921e-01, 8.860851e+07 
32 , 8 , 24942592 , 2.800992e-01, 8.904914e+07 
32 , 8 , 24942592 , 2.799369e-01, 8.910078e+07 
32 , 8 , 24942592 , 2.806414e-01, 8.887709e+07 
32 , 8 , 24942592 , 2.805645e-01, 8.890145e+07 
32 , 8 , 24942592 , 2.801163e-01, 8.904369e+07 
32 , 8 , 24942592 , 2.803396e-01, 8.897276e+07 
32 , 8 , 24942592 , 2.803198e-01, 8.897907e+07 
32 , 8 , 24942592 , 2.801297e-01, 8.903944e+07 
32 , 8 , 24942592 , 2.799473e-01, 8.909746e+07 
32 , 12 , 24942592 , 2.502128e-01, 9.968553e+07 
32 , 12 , 24942592 , 2.488043e-01, 1.002499e+08 
32 , 12 , 24942592 , 2.487998e-01, 1.002517e+08 
32 , 12 , 24942592 , 2.485248e-01, 1.003626e+08 
32 , 12 , 24942592 , 2.487176e-01, 1.002848e+08 
32 , 12 , 24942592 , 2.485419e-01, 1.003557e+08 
32 , 12 , 24942592 , 2.483109e-01, 1.004490e+08 
32 , 12 , 24942592 , 2.484271e-01, 1.004021e+08 
32 , 12 , 24942592 , 2.487447e-01, 1.002739e+08 
32 , 12 , 24942592 , 2.480973e-01, 1.005355e+08 

48 , 4 , 24942592 , 2.224028e-01, 1.121505e+08 
48 , 4 , 24942592 , 2.202961e-01, 1.132230e+08 
48 , 4 , 24942592 , 2.197956e-01, 1.134808e+08 
48 , 4 , 24942592 , 2.207602e-01, 1.129850e+08 
48 , 4 , 24942592 , 2.197503e-01, 1.135042e+08 
48 , 4 , 24942592 , 2.189628e-01, 1.139125e+08 
48 , 4 , 24942592 , 2.210016e-01, 1.128616e+08 
48 , 4 , 24942592 , 2.212103e-01, 1.127551e+08 
48 , 4 , 24942592 , 2.185535e-01, 1.141258e+08 
48 , 4 , 24942592 , 2.209060e-01, 1.129104e+08 
48 , 6 , 24942592 , 2.427908e-01, 1.027328e+08 
48 , 6 , 24942592 , 2.416137e-01, 1.032333e+08 
48 , 6 , 24942592 , 2.397181e-01, 1.040497e+08 
48 , 6 , 24942592 , 2.422342e-01, 1.029689e+08 
48 , 6 , 24942592 , 2.433900e-01, 1.024799e+08 
48 , 6 , 24942592 , 2.428031e-01, 1.027277e+08 
48 , 6 , 24942592 , 2.439597e-01, 1.022406e+08 
48 , 6 , 24942592 , 2.383143e-01, 1.046626e+08 
48 , 6 , 24942592 , 2.381226e-01, 1.047469e+08 
48 , 6 , 24942592 , 2.419464e-01, 1.030914e+08 
48 , 8 , 24942592 , 2.930944e-01, 8.510088e+07 
48 , 8 , 24942592 , 2.917316e-01, 8.549842e+07 
48 , 8 , 24942592 , 2.910337e-01, 8.570346e+07 
48 , 8 , 24942592 , 2.916195e-01, 8.553130e+07 
48 , 8 , 24942592 , 2.916944e-01, 8.550933e+07 
48 , 8 , 24942592 , 2.917069e-01, 8.550566e+07 
48 , 8 , 24942592 , 2.915105e-01, 8.556326e+07 
48 , 8 , 24942592 , 2.918715e-01, 8.545745e+07 
48 , 8 , 24942592 , 2.915169e-01, 8.556140e+07 
48 , 8 , 24942592 , 2.915767e-01, 8.554384e+07 
48 , 12 , 24942592 , 2.699030e-01, 9.241318e+07 
48 , 12 , 24942592 , 2.674597e-01, 9.325740e+07 
48 , 12 , 24942592 , 2.672200e-01, 9.334103e+07 
48 , 12 , 24942592 , 2.676562e-01, 9.318891e+07 
48 , 12 , 24942592 , 2.678528e-01, 9.312052e+07 
48 , 12 , 24942592 , 2.677405e-01, 9.315957e+07 
48 , 12 , 24942592 , 2.673711e-01, 9.328828e+07 
48 , 12 , 24942592 , 2.674198e-01, 9.327131e+07 
48 , 12 , 24942592 , 2.675464e-01, 9.322718e+07 
48 , 12 , 24942592 , 2.676959e-01, 9.317510e+07 

64 , 4 , 24942592 , 2.332800e-01, 1.069213e+08 
64 , 4 , 24942592 , 2.350358e-01, 1.061225e+08 
64 , 4 , 24942592 , 2.359332e-01, 1.057189e+08 
64 , 4 , 24942592 , 2.296029e-01, 1.086336e+08 
64 , 4 , 24942592 , 2.325584e-01, 1.072530e+08 
64 , 4 , 24942592 , 2.336353e-01, 1.067587e+08 
64 , 4 , 24942592 , 2.311424e-01, 1.079101e+08 
64 , 4 , 24942592 , 2.301912e-01, 1.083560e+08 
64 , 4 , 24942592 , 2.296316e-01, 1.086200e+08 
64 , 4 , 24942592 , 2.327970e-01, 1.071431e+08 
64 , 6 , 24942592 , 2.547281e-01, 9.791848e+07 
64 , 6 , 24942592 , 2.489177e-01, 1.002042e+08 
64 , 6 , 24942592 , 2.524840e-01, 9.878879e+07 
64 , 6 , 24942592 , 2.494565e-01, 9.998774e+07 
64 , 6 , 24942592 , 2.515853e-01, 9.914171e+07 
64 , 6 , 24942592 , 2.505522e-01, 9.955047e+07 
64 , 6 , 24942592 , 2.532509e-01, 9.848963e+07 
64 , 6 , 24942592 , 2.501694e-01, 9.970280e+07 
64 , 6 , 24942592 , 2.520350e-01, 9.896481e+07 
64 , 6 , 24942592 , 2.505018e-01, 9.957053e+07 
64 , 8 , 24942592 , 3.126083e-01, 7.978864e+07 
64 , 8 , 24942592 , 3.114715e-01, 8.007985e+07 
64 , 8 , 24942592 , 3.118453e-01, 7.998385e+07 
64 , 8 , 24942592 , 3.118739e-01, 7.997652e+07 
64 , 8 , 24942592 , 3.114265e-01, 8.009143e+07 
64 , 8 , 24942592 , 3.116562e-01, 8.003240e+07 
64 , 8 , 24942592 , 3.117211e-01, 8.001572e+07 
64 , 8 , 24942592 , 3.112344e-01, 8.014086e+07 
64 , 8 , 24942592 , 3.115816e-01, 8.005156e+07 
64 , 8 , 24942592 , 3.116679e-01, 8.002939e+07 
64 , 12 , 24942592 , 2.897238e-01, 8.609095e+07 
64 , 12 , 24942592 , 2.877814e-01, 8.667202e+07 
64 , 12 , 24942592 , 2.878729e-01, 8.664446e+07 
64 , 12 , 24942592 , 2.884312e-01, 8.647673e+07 
64 , 12 , 24942592 , 2.896105e-01, 8.612461e+07 
64 , 12 , 24942592 , 2.896541e-01, 8.611166e+07 
64 , 12 , 24942592 , 2.893187e-01, 8.621147e+07 
64 , 12 , 24942592 , 2.901544e-01, 8.596318e+07 
64 , 12 , 24942592 , 2.892458e-01, 8.623320e+07 
64 , 12 , 24942592 , 2.897428e-01, 8.608528e+07 

96 , 4 , 24942592 , 2.523285e-01, 9.884967e+07 
96 , 4 , 24942592 , 2.516583e-01, 9.911294e+07 
96 , 4 , 24942592 , 2.524855e-01, 9.878821e+07 
96 , 4 , 24942592 , 2.530220e-01, 9.857875e+07 
96 , 4 , 24942592 , 2.502203e-01, 9.968252e+07 
96 , 4 , 24942592 , 2.510222e-01, 9.936407e+07 
96 , 4 , 24942592 , 2.511266e-01, 9.932277e+07 
96 , 4 , 24942592 , 2.504196e-01, 9.960321e+07 
96 , 4 , 24942592 , 2.515075e-01, 9.917236e+07 
96 , 4 , 24942592 , 2.531495e-01, 9.852910e+07 
96 , 6 , 24942592 , 2.779542e-01, 8.973634e+07 
96 , 6 , 24942592 , 2.778290e-01, 8.977677e+07 
96 , 6 , 24942592 , 2.801579e-01, 8.903047e+07 
96 , 6 , 24942592 , 2.750083e-01, 9.069761e+07 
96 , 6 , 24942592 , 2.734734e-01, 9.120665e+07 
96 , 6 , 24942592 , 2.767272e-01, 9.013422e+07 
96 , 6 , 24942592 , 2.779259e-01, 8.974546e+07 
96 , 6 , 24942592 , 2.758618e-01, 9.041699e+07 
96 , 6 , 24942592 , 2.777723e-01, 8.979510e+07 
96 , 6 , 24942592 , 2.757480e-01, 9.045428e+07 
96 , 8 , 24942592 , 3.410258e-01, 7.313990e+07 
96 , 8 , 24942592 , 3.394643e-01, 7.347633e+07 
96 , 8 , 24942592 , 3.398168e-01, 7.340012e+07 
96 , 8 , 24942592 , 3.395376e-01, 7.346047e+07 
96 , 8 , 24942592 , 3.397729e-01, 7.340960e+07 
96 , 8 , 24942592 , 3.393636e-01, 7.349815e+07 
96 , 8 , 24942592 , 3.397319e-01, 7.341846e+07 
96 , 8 , 24942592 , 3.393085e-01, 7.351008e+07 
96 , 8 , 24942592 , 3.393022e-01, 7.351143e+07 
96 , 8 , 24942592 , 3.399197e-01, 7.337790e+07 
96 , 12 , 24942592 , 3.169926e-01, 7.868510e+07 
96 , 12 , 24942592 , 3.159019e-01, 7.895675e+07 
96 , 12 , 24942592 , 3.164762e-01, 7.881349e+07 
96 , 12 , 24942592 , 3.163860e-01, 7.883595e+07 
96 , 12 , 24942592 , 3.159653e-01, 7.894093e+07 
96 , 12 , 24942592 , 3.165513e-01, 7.879479e+07 
96 , 12 , 24942592 , 3.155699e-01, 7.903983e+07 
96 , 12 , 24942592 , 3.156901e-01, 7.900974e+07 
96 , 12 , 24942592 , 3.155017e-01, 7.905691e+07 
96 , 12 , 24942592 , 3.157242e-01, 7.900122e+07 

128 , 4 , 24942592 , 2.748041e-01, 9.076499e+07 
128 , 4 , 24942592 , 2.701595e-01, 9.232544e+07 
128 , 4 , 24942592 , 2.734219e-01, 9.122383e+07 
128 , 4 , 24942592 , 2.720303e-01, 9.169049e+07 
128 , 4 , 24942592 , 2.769357e-01, 9.006637e+07 
128 , 4 , 24942592 , 2.692193e-01, 9.264786e+07 
128 , 4 , 24942592 , 2.737255e-01, 9.112265e+07 
128 , 4 , 24942592 , 2.739395e-01, 9.105145e+07 
128 , 4 , 24942592 , 2.691983e-01, 9.265509e+07 
128 , 4 , 24942592 , 2.715359e-01, 9.185742e+07 
128 , 6 , 24942592 , 3.145982e-01, 7.928397e+07 
128 , 6 , 24942592 , 3.187934e-01, 7.824062e+07 
128 , 6 , 24942592 , 3.121036e-01, 7.991767e+07 
128 , 6 , 24942592 , 3.093929e-01, 8.061787e+07 
128 , 6 , 24942592 , 3.104448e-01, 8.034470e+07 
128 , 6 , 24942592 , 3.094884e-01, 8.059299e+07 
128 , 6 , 24942592 , 3.102447e-01, 8.039652e+07 
128 , 6 , 24942592 , 3.160432e-01, 7.892146e+07 
128 , 6 , 24942592 , 3.184683e-01, 7.832050e+07 
128 , 6 , 24942592 , 3.107029e-01, 8.027796e+07 
128 , 8 , 24942592 , 3.712671e-01, 6.718235e+07 
128 , 8 , 24942592 , 3.700291e-01, 6.740710e+07 
128 , 8 , 24942592 , 3.699337e-01, 6.742450e+07 
128 , 8 , 24942592 , 3.699483e-01, 6.742183e+07 
128 , 8 , 24942592 , 3.696125e-01, 6.748308e+07 
128 , 8 , 24942592 , 3.701526e-01, 6.738462e+07 
128 , 8 , 24942592 , 3.703617e-01, 6.734657e+07 
128 , 8 , 24942592 , 3.699131e-01, 6.742825e+07 
128 , 8 , 24942592 , 3.701910e-01, 6.737763e+07 
128 , 8 , 24942592 , 3.698327e-01, 6.744290e+07 
128 , 12 , 24942592 , 3.583821e-01, 6.959775e+07 
128 , 12 , 24942592 , 3.569211e-01, 6.988266e+07 
128 , 12 , 24942592 , 3.569504e-01, 6.987692e+07 
128 , 12 , 24942592 , 3.571615e-01, 6.983561e+07 
128 , 12 , 24942592 , 3.566170e-01, 6.994225e+07 
128 , 12 , 24942592 , 3.569917e-01, 6.986884e+07 
128 , 12 , 24942592 , 3.570177e-01, 6.986374e+07 
128 , 12 , 24942592 , 3.566359e-01, 6.993853e+07 
128 , 12 , 24942592 , 3.572641e-01, 6.981556e+07 
128 , 12 , 24942592 , 3.571338e-01, 6.984102e+07 

192 , 4 , 24942592 , 3.164192e-01, 7.882769e+07 
192 , 4 , 24942592 , 3.207961e-01, 7.775216e+07 
192 , 4 , 24942592 , 3.162574e-01, 7.886800e+07 
192 , 4 , 24942592 , 3.190097e-01, 7.818756e+07 
192 , 4 , 24942592 , 3.183904e-01, 7.833964e+07 
192 , 4 , 24942592 , 3.238872e-01, 7.701013e+07 
192 , 4 , 24942592 , 3.205735e-01, 7.780615e+07 
192 , 4 , 24942592 , 3.195475e-01, 7.805596e+07 
192 , 4 , 24942592 , 3.257628e-01, 7.656673e+07 
192 , 4 , 24942592 , 3.134704e-01, 7.956922e+07 
192 , 6 , 24942592 , 3.537641e-01, 7.050628e+07 
192 , 6 , 24942592 , 3.426682e-01, 7.278934e+07 
192 , 6 , 24942592 , 3.524857e-01, 7.076199e+07 
192 , 6 , 24942592 , 3.494233e-01, 7.138216e+07 
192 , 6 , 24942592 , 3.556311e-01, 7.013614e+07 
192 , 6 , 24942592 , 3.475660e-01, 7.176362e+07 
192 , 6 , 24942592 , 3.472471e-01, 7.182951e+07 
192 , 6 , 24942592 , 3.466163e-01, 7.196024e+07 
192 , 6 , 24942592 , 3.534912e-01, 7.056072e+07 
192 , 6 , 24942592 , 3.445212e-01, 7.239784e+07 
192 , 8 , 24942592 , 4.136751e-01, 6.029512e+07 
192 , 8 , 24942592 , 4.119086e-01, 6.055371e+07 
192 , 8 , 24942592 , 4.119058e-01, 6.055411e+07 
192 , 8 , 24942592 , 4.124981e-01, 6.046717e+07 
192 , 8 , 24942592 , 4.123896e-01, 6.048307e+07 
192 , 8 , 24942592 , 4.125389e-01, 6.046119e+07 
192 , 8 , 24942592 , 4.120489e-01, 6.053309e+07 
192 , 8 , 24942592 , 4.126889e-01, 6.043921e+07 
192 , 8 , 24942592 , 4.123300e-01, 6.049182e+07 
192 , 8 , 24942592 , 4.122801e-01, 6.049914e+07 
192 , 12 , 24942592 , 4.149391e-01, 6.011145e+07 
192 , 12 , 24942592 , 4.135909e-01, 6.030741e+07 
192 , 12 , 24942592 , 4.139198e-01, 6.025948e+07 
192 , 12 , 24942592 , 4.138958e-01, 6.026298e+07 
192 , 12 , 24942592 , 4.142436e-01, 6.021237e+07 
192 , 12 , 24942592 , 4.141840e-01, 6.022104e+07 
192 , 12 , 24942592 , 4.140822e-01, 6.023585e+07 
192 , 12 , 24942592 , 4.140347e-01, 6.024276e+07 
192 , 12 , 24942592 , 4.141481e-01, 6.022627e+07 
192 , 12 , 24942592 , 4.139392e-01, 6.025666e+07 

256 , 4 , 24942592 , 3.570800e-01, 6.985155e+07 
256 , 4 , 24942592 , 3.520311e-01, 7.085338e+07 
256 , 4 , 24942592 , 3.628697e-01, 6.873706e+07 
256 , 4 , 24942592 , 3.525818e-01, 7.074272e+07 
256 , 4 , 24942592 , 3.548337e-01, 7.029375e+07 
256 , 4 , 24942592 , 3.557357e-01, 7.011552e+07 
256 , 4 , 24942592 , 3.586180e-01, 6.955199e+07 
256 , 4 , 24942592 , 3.719111e-01, 6.706601e+07 
256 , 4 , 24942592 , 3.534405e-01, 7.057085e+07 
256 , 4 , 24942592 , 3.598179e-01, 6.932004e+07 
256 , 6 , 24942592 , 3.927428e-01, 6.350872e+07 
256 , 6 , 24942592 , 4.040807e-01, 6.172677e+07 
256 , 6 , 24942592 , 4.004973e-01, 6.227906e+07 
256 , 6 , 24942592 , 4.007087e-01, 6.224620e+07 
256 , 6 , 24942592 , 4.029019e-01, 6.190736e+07 
256 , 6 , 24942592 , 4.208576e-01, 5.926611e+07 
256 , 6 , 24942592 , 4.190811e-01, 5.951734e+07 
256 , 6 , 24942592 , 3.888684e-01, 6.414147e+07 
256 , 6 , 24942592 , 3.982956e-01, 6.262332e+07 
256 , 6 , 24942592 , 4.086981e-01, 6.102939e+07 
256 , 8 , 24942592 , 4.432469e-01, 5.627245e+07 
256 , 8 , 24942592 , 4.420820e-01, 5.642074e+07 
256 , 8 , 24942592 , 4.428606e-01, 5.632154e+07 
256 , 8 , 24942592 , 4.449558e-01, 5.605634e+07 
256 , 8 , 24942592 , 4.453207e-01, 5.601041e+07 
256 , 8 , 24942592 , 4.446804e-01, 5.609105e+07 
256 , 8 , 24942592 , 4.450176e-01, 5.604855e+07 
256 , 8 , 24942592 , 4.447314e-01, 5.608462e+07 
256 , 8 , 24942592 , 4.451253e-01, 5.603499e+07 
256 , 8 , 24942592 , 4.452507e-01, 5.601921e+07 
256 , 12 , 24942592 , 4.663351e-01, 5.348642e+07 
256 , 12 , 24942592 , 4.654215e-01, 5.359140e+07 
256 , 12 , 24942592 , 4.652807e-01, 5.360762e+07 
256 , 12 , 24942592 , 4.676740e-01, 5.333329e+07 
256 , 12 , 24942592 , 4.677691e-01, 5.332244e+07 
256 , 12 , 24942592 , 4.678385e-01, 5.331454e+07 
256 , 12 , 24942592 , 4.675363e-01, 5.334899e+07 
256 , 12 , 24942592 , 4.675611e-01, 5.334617e+07 
256 , 12 , 24942592 , 4.674071e-01, 5.336375e+07 
256 , 12 , 24942592 , 4.677696e-01, 5.332239e+07 

