tag,host,element,operation,layout,ran_layout,kernel,geom,warp,threads,pack_size,cube_n,nodes,elements,dofs,bsr_nnz,bsr_values_MiB,bsr_storage,repeat,seconds_per_call,MDOF_s,MDOF_s_element_visits,MELEM_s,GFLOP_s_model,n_colors,packs_per_color_min,packs_per_color_max,checksum,rhie_chow,rhie_chow_scale,boundary,ran_kernel,ran_rc,ran_boundary,exact_rc,pgrad_per_apply,live_vectors,upwind_eps,transient,s_qgrad,frac_qgrad,pa_bytes_per_dof,ms_zero_global,ms_zero_local,ms_gather_u,ms_element_kernel,ms_local_to_global,ms_ghost_reduce,ms_qgrad
iso_res_current_p1,nid006549,hex8,residual,atomic,atomic,current,isoparam,0.000000e+00,72,0,128,2146689,2097152,8586756,0,0.0000,n/a,10,2.152566910e-02,398.9077,3117.6203,97.4256,554.1570,0,0,0,1.381368435437e-13,0,0.000000,0,current,off,off,0,0,0,0,0,,,0.000,,,,,,,
iso_res_current_p2,nid006549,hex8,residual,atomic,atomic,current,isoparam,0.000000e+00,72,0,128,2146689,2097152,8586756,0,0.0000,n/a,10,2.151725292e-02,399.0638,3118.8398,97.4637,554.3738,0,0,0,1.381368435437e-13,0,0.000000,0,current,off,off,0,0,0,0,0,,,0.000,,,,,,,
iso_res_current_p3,nid006549,hex8,residual,atomic,atomic,current,isoparam,0.000000e+00,72,0,128,2146689,2097152,8586756,0,0.0000,n/a,10,2.147917747e-02,399.7712,3124.3684,97.6365,555.3565,0,0,0,1.381368435437e-13,0,0.000000,0,current,off,off,0,0,0,0,0,,,0.000,,,,,,,
iso_res_sympy_p1,nid006549,hex8,residual,atomic,atomic,sympy,isoparam,0.000000e+00,72,0,128,2146689,2097152,8586756,0,0.0000,n/a,10,1.909027100e-02,449.7975,3515.3437,109.8545,624.8523,0,0,0,1.381161352822e-13,0,0.000000,0,sympy,off,off,0,0,0,0,0,,,0.000,,,,,,,
iso_res_sympy_p2,nid006549,hex8,residual,atomic,atomic,sympy,isoparam,0.000000e+00,72,0,128,2146689,2097152,8586756,0,0.0000,n/a,10,1.911175251e-02,449.2919,3511.3925,109.7310,624.1500,0,0,0,1.381161352822e-13,0,0.000000,0,sympy,off,off,0,0,0,0,0,,,0.000,,,,,,,
iso_res_sympy_p3,nid006549,hex8,residual,atomic,atomic,sympy,isoparam,0.000000e+00,72,0,128,2146689,2097152,8586756,0,0.0000,n/a,10,1.930563450e-02,444.7798,3476.1284,108.6290,617.8818,0,0,0,1.381161352822e-13,0,0.000000,0,sympy,off,off,0,0,0,0,0,,,0.000,,,,,,,
iso_asm_current_p1,nid006549,hex8,assemble,atomic,atomic,current,isoparam,0.000000e+00,72,0,128,2146689,2097152,8586756,57066625,6966.1407,f64,10,4.455488205e-01,19.2723,150.6207,4.7069,43.3788,0,0,0,-2.516443609366e-08,0,0.000000,0,fd,off,off,0,0,0,0,0,,,0.000,,,,,,,
iso_asm_current_p2,nid006549,hex8,assemble,atomic,atomic,current,isoparam,0.000000e+00,72,0,128,2146689,2097152,8586756,57066625,6966.1407,f64,10,4.071581602e-01,21.0895,164.8226,5.1507,47.4689,0,0,0,-2.516443609366e-08,0,0.000000,0,fd,off,off,0,0,0,0,0,,,0.000,,,,,,,
iso_asm_current_p3,nid006549,hex8,assemble,atomic,atomic,current,isoparam,0.000000e+00,72,0,128,2146689,2097152,8586756,57066625,6966.1407,f64,10,4.083906651e-01,21.0258,164.3252,5.1352,47.3256,0,0,0,-2.516443609366e-08,0,0.000000,0,fd,off,off,0,0,0,0,0,,,0.000,,,,,,,
iso_asm_sympy_p1,nid006549,hex8,assemble,atomic,atomic,sympy,isoparam,0.000000e+00,72,0,128,2146689,2097152,8586756,57066625,6966.1407,f64,10,1.818324327e-01,47.2235,369.0698,11.5334,106.2921,0,0,0,-2.516443610331e-08,0,0.000000,0,sympy,off,off,0,0,0,0,0,,,0.000,,,,,,,
iso_asm_sympy_p2,nid006549,hex8,assemble,atomic,atomic,sympy,isoparam,0.000000e+00,72,0,128,2146689,2097152,8586756,57066625,6966.1407,f64,10,1.800558329e-01,47.6894,372.7114,11.6472,107.3409,0,0,0,-2.516443610331e-08,0,0.000000,0,sympy,off,off,0,0,0,0,0,,,0.000,,,,,,,
iso_asm_sympy_p3,nid006549,hex8,assemble,atomic,atomic,sympy,isoparam,0.000000e+00,72,0,128,2146689,2097152,8586756,57066625,6966.1407,f64,10,1.810629845e-01,47.4241,370.6382,11.5824,106.7438,0,0,0,-2.516443610331e-08,0,0.000000,0,sympy,off,off,0,0,0,0,0,,,0.000,,,,,,,
aff_asm_sumfact_p1,nid006549,hex8,assemble,atomic,atomic,sumfact,affine,0.000000e+00,72,0,128,2146689,2097152,8586756,57066625,6966.1407,f64,10,2.225870371e-01,38.5771,301.4949,9.4217,21.7076,0,0,0,-3.076550014682e-08,0,0.000000,0,sumfact,off,off,0,0,0,0,0,,,0.000,,,,,,,
aff_asm_sumfact_p2,nid006549,hex8,assemble,atomic,atomic,sumfact,affine,0.000000e+00,72,0,128,2146689,2097152,8586756,57066625,6966.1407,f64,10,2.201994896e-01,38.9953,304.7639,9.5239,21.9430,0,0,0,-3.076550014682e-08,0,0.000000,0,sumfact,off,off,0,0,0,0,0,,,0.000,,,,,,,
aff_asm_sumfact_p3,nid006549,hex8,assemble,atomic,atomic,sumfact,affine,0.000000e+00,72,0,128,2146689,2097152,8586756,57066625,6966.1407,f64,10,2.204263449e-01,38.9552,304.4503,9.5141,21.9204,0,0,0,-3.076550014682e-08,0,0.000000,0,sumfact,off,off,0,0,0,0,0,,,0.000,,,,,,,
aff_asm_split_p1,nid006549,hex8,assemble,atomic,atomic,split,affine,0.000000e+00,72,0,128,2146689,2097152,8586756,57066625,6966.1407,f64,10,5.995520353e-01,14.3220,111.9317,3.4979,8.0591,0,0,0,-3.076550008784e-08,0,0.000000,0,split,off,off,0,0,0,0,0,,,0.000,,,,,,,
aff_asm_split_p2,nid006549,hex8,assemble,atomic,atomic,split,affine,0.000000e+00,72,0,128,2146689,2097152,8586756,57066625,6966.1407,f64,10,6.004429340e-01,14.3007,111.7656,3.4927,8.0471,0,0,0,-3.076550008784e-08,0,0.000000,0,split,off,off,0,0,0,0,0,,,0.000,,,,,,,
aff_asm_split_p3,nid006549,hex8,assemble,atomic,atomic,split,affine,0.000000e+00,72,0,128,2146689,2097152,8586756,57066625,6966.1407,f64,10,6.001144171e-01,14.3085,111.8268,3.4946,8.0515,0,0,0,-3.076550008784e-08,0,0.000000,0,split,off,off,0,0,0,0,0,,,0.000,,,,,,,
iso_asm_split_p1,nid006549,hex8,assemble,atomic,atomic,split,isoparam,0.000000e+00,72,0,128,2146689,2097152,8586756,57066625,6966.1407,f64,10,6.085999012e-01,14.1090,110.2676,3.4459,31.7571,0,0,0,-2.516443605777e-08,0,0.000000,0,split,off,off,0,0,0,0,0,,,0.000,,,,,,,
iso_asm_split_p2,nid006549,hex8,assemble,atomic,atomic,split,isoparam,0.000000e+00,72,0,128,2146689,2097152,8586756,57066625,6966.1407,f64,10,6.189335108e-01,13.8735,108.4266,3.3883,31.2269,0,0,0,-2.516443605777e-08,0,0.000000,0,split,off,off,0,0,0,0,0,,,0.000,,,,,,,
iso_asm_split_p3,nid006549,hex8,assemble,atomic,atomic,split,isoparam,0.000000e+00,72,0,128,2146689,2097152,8586756,57066625,6966.1407,f64,10,6.103898525e-01,14.0677,109.9443,3.4358,31.6639,0,0,0,-2.516443605777e-08,0,0.000000,0,split,off,off,0,0,0,0,0,,,0.000,,,,,,,
